Articles, Meta Title,Meta Description,Meta Keyword
旅[知usa_tours_info,,,
1,商蘸C和旅[C(B1，B2)Y-美-途LW,商蘸C和旅[C(B1，B2)Y-B1Clo氖露唐谏栈拥纳暾人。B2 Clo赴美旅[的申人。,"商蘸C和旅[C(B1，B2)Y,美"
2,非移民C申照片要求-美-途LW,"非移民C申照片要求-申人的照片必是o框的, 於最近六月人拍z的正面照片,照片格c美o照照片相同.","非移民C申照片要求,美"
3,C需提交的申Y料-美-途LW,"C需提交的申Y料-o照原件,身份C原件,艨诒驹件,y行存款C明,在C明信,月收入C明,免冠照片2,赴美申表。","C需提交的申Y料,美"
4,赴美C建hyУ闹С中圆牧-美-途LW,"赴美C建hyУ闹С中圆牧-能蛘f明您楹我欢返回中的C,邀信,Y金C明,活悠陂g主要行程安排。","赴美C建hyУ闹С中圆牧,美"
5,美C的生物y定-美-途LW,美C的生物y定-美v北京大使^及各I事^Υ蟛糠址且泼窈C和移民C的申人M行指y呙琛 ,"美C的生物y定,美"
6,面前必要涔ぷ-美-途LW,"面前必要涔ぷ-y所有C支援材料,接受安全z查,交材料及等待指yRe及C面。","面前必要涔ぷ,美"
7,面r使用的Z言-美-途LW,"面r使用的Z言-最好能f英文,如果]有懂C官的}可以其重}或他人o您解。","面r使用的Z言,美"
8,美vAI事^M方式-美-途LW,"美vAI事^M方式-包括美v北京,上海,V州,c,成都,香港I事^的M方式，如I^,,位址等。","美vAI事^M方式,美"
9,面r常}及回答技巧-美-途LW,面r常}及回答技巧-此篇文章_列了美C面r可能道的}。,"面r常}及回答技巧,美"
15,加拿大入境知-加拿大-途LW,"加拿大入境知-入境加拿大r可以yУ哪男┪锲罚於酒精,草等有哪些限制，以及哪些是不可yУ倪`禁物品。","加拿大入境知,加拿大"
16,加拿大面C中最常e`及Σ-加拿大-途LW,加拿大面C中最常e`及Σ-在k理加拿大C的面^程中最常的e`以及@些e`o予的解QΣ摺,"加拿大面C中最常e`及Σ,加拿大"
17,美C申基本步E-美-途LW,"美C申基本步E-_定你的居住地所在使I事^,交{非移民C申M,浔匦璧牟牧稀","美C申基本步E,美"
18,在美停留期限-美-途LW,"在美停留期限-海P及境保o官T⒃谀的M出境表(I-94表)上定您在美的停留期限,需要栏褡袷卮似谙蕖","在美停留期限,美"
19,C有效期-美-途LW,C有效期-通常表示暮Cl之日到C^期之日的@段rg仍C有效K可以被用於相同目的的旅行。,"C有效期,美"
20,C的拒和a救-美-途LW,"C的拒和a救-拒主要原因有材料不R,不真,出目的不明_。找到原因J真分析，⒉煌涞牡胤潺R全。","C的拒和a救,美"

10,美人的性格-美-途LW,"美人的性格-看重e人ψ约旱挠∠,立M取,v求H,看重成功r值,好拥取","美人的性格,美"
11,美俗-美-途LW,"美俗-包括登T拜L俗,面交流俗,以及一些忌M等。","美俗,美"
12,美社交Yx-美-途LW,"美社交Yx-包括交Yx,邀c邀Yx,宴席上Y,拜L的Y以及送Y品。","美社交Yx,美"
13,美人的食T-美-途LW,"美人的食T-介B日常美人的主要食T,一是生,二是冷,三是甜。","美人的食T,美"
14,美主要日-美-途LW,"美主要日-介B美的主要日，如新年,y日,}瓦丁,突罟,立日,f},感恩,耶Q等。","美主要日,美"
21,美人的状罅T-美-途LW,"美人的状罅T-美人的眼光,B物的T,好,工作^念,以及婚姻^念。","美人的状罅T,美"
22,拉斯S加斯-美人的Y婚}地-美-途LW,"拉斯S加斯-美人的Y婚}地,@YY婚登手m方便,城L味具且M用。","拉斯S加斯-美人的Y婚}地,美"
23,夏威夷特的L俗T-美-途LW,"夏威夷特的L俗T-深入t解夏威夷地^特的L俗T,你o障K[[@美的度假俚亍","夏威夷特的L俗T,美"
24,夏威夷人文注意事-美-途LW,"夏威夷人文注意事-包括Щ,吃|西,大家庭的概念,教育等。","夏威夷人文注意事,美"
25,加拿大俗-加拿大-途LW,"加拿大俗-加拿大的服Yx,xBYx,相Yx,餐Yx,商占奥眠[Yx等。","加拿大俗,加拿大"
28,加拿大旅[知-加拿大-途LW,"加拿大旅[知-到加拿大旅[小M,e^,商IIrg,程等日常需要注意的事。","加拿大旅[知,加拿大"
26,花影俪龅募幽么蠡樗-加拿大-途LW,花影俪龅募幽么蠡樗-加拿大有自己的鹘yT和L俗，是一具有多姿多彩婚Y俗的家。,"花影俪龅募幽么蠡樗,加拿大"
29,墨西哥L俗Yx-墨西哥-途LW,"墨西哥L俗Yx-包括墨西哥服Yx,xBYx,相Yx,餐Yx,商斩Yx,旅[Yx等。","墨西哥L俗Yx,墨西哥"
30,墨西哥的仙人掌和玉米文化-墨西哥-途LW,墨西哥的仙人掌和玉米文化-仙人掌和玉米c墨西哥人的生活有著o密的M，可以f是日常生活不可缺少的|西。,"墨西哥的仙人掌和玉米文化,墨西哥"
旅[建htours_experience,,,
15,加拿大旅[篇之馗缛A-加拿大-途LW,加拿大旅[篇之馗缛A-馗缛A四面h山面水，L景O其秀美，是加拿大最有活力的城市之一。 ,"加拿大旅[篇之馗缛A,加拿大"
14,加拿大旅[篇之多多-加拿大-途LW,"加拿大旅[篇之多多-多多是加拿大最大的城市,融合了多元文化,是加拿大的著名旅[城市。","加拿大旅[篇之多多,加拿大"
13,感受夏威夷檀香山-美-途LW,感受夏威夷檀香山-檀香山是夏威夷旅[的中心部分。檀香山提供各夏威夷鹘y活樱如篝火宴，草裙舞表演等。,"感受夏威夷檀香山,美"
9,大{谷空中之旅Ш-美-途LW,大{谷空中之旅Ш-乘坐^光wC或直升C[[大{谷^o您黼y忘的美旅[v。,"大{谷空中之旅Ш,美"
10,大{谷玻璃蚵眠[必x-美-途LW,大{谷玻璃蚵眠[必x-玻璃蚴谴{谷多旅[景c中最受[客g迎的景c之一。,"大{谷玻璃蚵眠[必x,美"
11,~s旅[五大景c推]-美-途LW,"~s旅[五大景c推]-途LW精心挑x~s旅[五大景c,自由女神像,帝大B,r代V,迪森V龌@和中央公@。","~s旅[五大景c推],美"
12,Wm多旅[建h-美-途LW,"Wm多旅[建h-Wm多旅[全攻略包括迪士尼,h球影城,海洋世界等。","Wm多旅[建h,美"
3,f金山[-美-途LW,"f金山[-f金山[攻略,即可步行^光又可搭乘便宜的^捷\,[[金T大,O人a^,合V龅取","f金山[,美"
4,M城旅[好去-美-途LW,M城旅[好去-M城是一具有悠久v史、文化的迷人城市，是一您去^就永h的地方。,"M城旅[好去,美"
5,夏威夷[建h-美-途LW,"夏威夷[建h-旅[夏威夷,w它那迷人的海，情{的擦郑巍峨的火山，嘏的夂颍以及特的文化。","夏威夷[建h,美"
6,特r旅[-美-途LW,特r旅[-介B美旅[最省X的季和景c，教您如何p省X[美。,"特r旅[,美"
7,美旅[物好去-美-途LW,美旅[物好去-去美旅[不可e^那些a品品|好，r格又便宜的各工S直N店。,"美旅[物好去,美"
8,美旅行之美食推]-美-途LW,"美旅行之美食推]-美的餐多元化,世界各地的美食都可在美品L。","美旅行之美食推],美"
1,旅[尼加拉真情趣-美-途LW,"旅[尼加拉真情趣-除了e世名的尼加拉大瀑布外，有尼加拉植物@,白水，尼加拉B之王等景c。","旅[尼加拉真情趣,美"
2,波士D[-美-途LW,波士D[-波士D是一充M活力的城市，可以檫[客提供S多惠的旅[活印,"波士D[,美"

景c介Binformation,,,

4,S石家公@介B-美-途LW,S石家公@介B-介B美S石家公@概r，建立，森林植被，游锏惹r。,"S石家公@介B,美"
5,y山家公@介B-美-途LW,y山家公@介B-y山家公@是一座美yo念公@，扔忻最著名四位y^像。,"y山家公@介B,美"
6,倜赖家公@介B-美-途LW,倜赖家公@介B-倜赖家公@是美西部最美、⒂^人底疃嗟家公@之一，K於1984年被列槭澜缱匀贿za。,"倜赖家公@介B,美"
7,大{谷家公@介B-美-途LW,大{谷家公@介B-大{谷家公@位於美西部利桑那州西北部的科_拉多高原，是世界奇景之一。,"大{谷家公@介B,美"
8,洛杉及主要景c介B-美-途LW,洛杉及主要景c介B-洛杉主要景c包括好R]，h球影城，迪士尼，中城等。,"洛杉及主要景c介B,美"
9,}地牙哥介BB-美-途LW,}地牙哥介B-}地牙哥位於加州西南角的沿海，o墨西哥c美界，有}地牙哥海洋世界，游@等景c。,"}地牙哥介B,美"
10,f金山介BB-美-途LW,f金山介B-美f金山是太平洋沿岸H次於洛杉的第二大港市，位於加利福尼州西北部，美西海岸中部。,"f金山介B,美"
11,拉斯S加斯介B-美-途LW,拉斯S加斯介B-拉斯S加斯是美热A_州的最大城市，以博I、旅[、物、度假aI而著名，是世界知名的度假}地之一。 ,"拉斯S加斯介B,美"
12,~s及其主要景c介B-美-途LW,~s及其主要景c介B-~s是美最大的城市，碛凶杂膳神像，合部，帝大B，中央公@等著名景c。,"~s及其主要景c介B,美"
13,A盛D介B-美-途LW,A盛D介B-A盛D是美的首都，文化、教育中心之一，有大B，白m，A盛Do念碑，林肯o念堂等重要景c。,"A盛D介B,美"
18,波士D介B-美-途LW,波士D介B-波士D是美麻_T塞州的首府和最大城市，有自由之路，哈佛大W等著名景c。,"波士D介B,美"
17,M城介B-美-途LW,M城介B-M城是美著名的古城之一，城市鹊慕êB古色古香，有立d，自由等景c。,"M城介B,美"
19,夏威夷介B-美-途LW,夏威夷介B-夏威夷是美唯一四面h海的州，也是完全由小u形成的州，是[客最喜g的度假俚刂一。,"夏威夷介B,美"
20,火山大u介B-美-途LW,火山大u介B-火山大u是夏威夷州最大的uZ，u上有美的夏威夷家公@。,"火山大u介B,美"
21,可u介B-美-途LW,可u介B-可u是夏威夷群u中最早被lF及登的地方，也是夏威夷最美的uZ之一。,"可u介B,美"
22,茂宜u介B-美-途LW,茂宜u介B-茂宜u是夏威夷第二大u，@Y是世界上最好的浮及水地c。,"茂宜u介B,美"
23,W胡u介B-美-途LW,W胡u介B-W胡u是夏威夷州第三大u，不H是人口最多的u，也是^光客最多的u。,"W胡u介B,美"
24,珍珠港介B-美-途LW,珍珠港介B-珍珠港位於美夏威夷州W胡u上的海港，是世界著名天然良港。,"珍珠港介B,美"
25,威基基海┙榻BB-美-途LW,威基基海┙榻B-威基基海┦鞘澜缟献畛雒的海┲一，是一家老小假日休f的理想地c。,"威基基海┙榻B,美"
26,波利尼西文化中心介B-美-途LW,波利尼西文化中心介B-波利尼西文化中心位於美夏威夷州瓦胡u北岸R伊附近，是一座模很大的民族文化博物^。,"波利尼西文化中心介B,美"
27,加拿大介B-加拿大-途LW,加拿大介B-加拿大位於北美洲北部，有著S富的旅[Y源，是o颠[客煌的旅[俚亍,"加拿大介B,加拿大"
28,尼加拉大瀑布介BB-加拿大-途LW,尼加拉大瀑布介B-尼加拉瀑布是尼加拉河跌入河谷拥漠a物，是美及加拿大一最受[客g迎的景c。,"尼加拉大瀑布介B,加拿大"
29,千u湖介B-加拿大-途LW,千u湖介B-千u湖是加拿大著名的旅[俚刂一。成千的uZ如繁星般散落其上，不同小u有不同L格的建B。,"千u湖介B,加拿大"
30,洛山}介B-加拿大-途LW,洛山}介B-洛山}位於北美洲西部，募幽么M越美西部，直到新墨西哥州，是座天然的原始森林。,"洛山}介B,加拿大"
35,蒙特利介B-加拿大-途LW,蒙特利介B-蒙特利是加拿大第二大城市，各式L格各的的教堂成引人注目的文化奇^。,"蒙特利介B,加拿大"
36,馗缛A介B-加拿大-途LW,馗缛A介B-馗缛A是加拿大第三大城市，四季宜人的舒m的夂l件，可Q得上是全加拿大夂蜃詈玫某鞘小,"馗缛A介B,加拿大"
37,魁北克介B-加拿大-途LW,魁北克介B-魁北克是加拿大最古老的城市，是座融合了加拿大g和文化的名城。,"魁北克介B,加拿大"
31,班夫家公@介B-加拿大-途LW,班夫家公@介B-班夫家公@建於1885年，是加拿大v史最悠久的家公@。,"班夫家公@介B,加拿大"
32,Z斯珀家公@介B-加拿大-途LW,Z斯珀家公@介B-Z斯珀家公@位於洛山}最北，是加拿大最大的高山家公@。,"Z斯珀家公@介B,加拿大"
33,渥太A介B-加拿大-途LW,渥太A介B-渥太A是加拿大首都，L景秀，夥o，文化庀庥簟,"渥太A介B,加拿大"
34,多多介B-加拿大-途LW,多多介B-多多是加拿大第一大城市，有多多塔，市政d等著名建B。,"多多介B,加拿大"
